CustomerID,Name,Age,Gender,Email,State,CustomerType,AssociatedSales
C001,Theresa Carter,41,Women,srivera@yahoo.com,New York,New,S022
C002,Mark Bates,53,Unisex Adult,ewiley@hotmail.com,Texas,Regular,S028
C003,Dr. Theresa Oliver MD,40,Men,robertarmstrong@williams.com,Arizona,Regular,S007
C004,Stephanie Walker,38,Unisex Adult,whitealyssa@ball-rivera.org,Arizona,New,S002
C005,Barbara Roman,29,Men,lewisrichard@gmail.com,Alabama,New,S012
C006,Olivia Hoover,37,Women,palmerjames@gmail.com,California,Regular,S020
C007,Kelly Obrien,18,Men,ywatson@barnes-curtis.com,Arizona,VIP,S018
C008,Dennis Smith,27,Unisex Adult,matthew23@hotmail.com,Alabama,VIP,S017
C009,Susan Mora,51,Women,wbaker@gmail.com,Texas,New,S004
C010,Denise Nelson,25,Unisex Adult,ygarrison@yahoo.com,New York,Regular,S007
C011,Jacob Bryant,25,Women,vincentgonzales@yahoo.com,California,New,S011
C012,Kathy Thompson,30,Unisex Adult,edavenport@hotmail.com,New York,Regular,S010
C013,Robert Ross,21,Unisex Adult,zwolf@hotmail.com,California,Regular,S012
C014,Christina Hurst,32,Unisex Adult,charles58@hotmail.com,Alabama,New,S015
C015,Sydney Juarez,40,Unisex Adult,rebecca47@sullivan.info,New York,VIP,S016
C016,Travis Thompson,56,Children,karenjackson@conley-daniels.com,Arizona,New,S001
C017,Robin Bryant,39,Unisex Adult,robert96@contreras-murray.org,Alabama,VIP,S018
C018,Shawn Carr,39,Children,bianca83@hotmail.com,California,Regular,S022
C019,Brittany Cruz,57,Children,kathymurphy@yahoo.com,Arizona,New,S002
C020,Ricardo Williams,28,Children,austinblack@montgomery.biz,Texas,Regular,S020
C021,Aaron Hall,49,Women,ashleydalton@hardy.com,New York,Regular,S006
C022,David White,29,Women,changjared@yahoo.com,California,VIP,S013
C023,Brandon Stein,24,Men,joshualee@santiago.com,Alabama,New,S010
C024,Brian Ramsey,40,Men,ian67@yahoo.com,California,Regular,S029
C025,Maria Bailey,41,Men,michellemiller@gmail.com,Arizona,New,S014
C026,Debra Johnson,36,Women,matthewmurray@hotmail.com,Texas,Regular,S008
C027,Theresa Lee,35,Children,jill59@kelley.biz,Alabama,Regular,S013
C028,Maria Davis,35,Children,ryan45@yahoo.com,California,New,S015
C029,Rebecca Dean,51,Children,hillgeorge@gibson.com,Texas,New,S009
C030,Seth Edwards,30,Women,lisagonzalez@hotmail.com,Alabama,New,S015
