ReviewID,Title,Rating,Number of Reviews,Gender,Product Type,Special Feature
R001,Crocs Stand Modern,4.3,1237,Children,Clog,Lightweight
R002,Crocs Low Standard,4.5,6653,Unisex Adult,Boot,Waterproof
R003,Crocs Around Classic,4.3,3231,Men,Boot,Waterproof
R004,Crocs Offer Standard,4.6,7791,Men,Sandal,Eco-Friendly
R005,Crocs Something Standard,4.3,1513,Children,Clog,Lightweight
R006,Crocs Seem Lined,4.1,1936,Children,Sandal,Lightweight
R007,Crocs Leave Classic,4.0,3886,Women,Boot,Lightweight
R008,Crocs Attorney Modern,4.3,4645,Men,Sandal,Eco-Friendly
R009,Crocs Nor Classic,4.8,746,Women,Clog,Waterproof
R010,Crocs Clear Standard,4.6,6642,Women,Clog,Lightweight
R011,Crocs Speak Modern,3.8,4599,Men,Clog,Eco-Friendly
R012,Crocs By Classic,4.0,5688,Unisex Adult,Sandal,Eco-Friendly
R013,Crocs Second Standard,4.5,6906,Unisex Adult,Flat,Waterproof
R014,Crocs Ability Modern,4.9,8692,Women,Clog,Lightweight
R015,Crocs Lay Lined,4.9,3106,Unisex Adult,Flat,Waterproof
R016,Crocs Central Classic,3.8,7301,Unisex Adult,Flat,Eco-Friendly
R017,Crocs Every Classic,4.6,5583,Children,Flat,Standard
R018,Crocs Minute Standard,4.8,8057,Unisex Adult,Clog,Waterproof
R019,Crocs Husband Modern,4.8,2618,Unisex Adult,Boot,Eco-Friendly
R020,Crocs Argue Standard,4.7,401,Men,Sandal,Standard
R021,Crocs Air Classic,3.9,5990,Children,Boot,Waterproof
R022,Crocs Determine Modern,4.3,4150,Unisex Adult,Boot,Waterproof
R023,Crocs Wife Classic,4.9,853,Unisex Adult,Boot,Standard
R024,Crocs Where Lined,3.6,2264,Children,Clog,Lightweight
R025,Crocs Push Lined,4.3,9149,Unisex Adult,Flat,Lightweight
R026,Crocs He Classic,4.1,6204,Women,Boot,Standard
R027,Crocs World Standard,5.0,2411,Unisex Adult,Boot,Lightweight
R028,Crocs Position Modern,3.9,4594,Men,Boot,Waterproof
R029,Crocs Laugh Modern,4.6,4307,Men,Flat,Standard
R030,Crocs Fight Modern,3.6,5869,Unisex Adult,Flat,Standard
