ProductName,ImageURL,PurchaseLink,ProductID,CompetitorID
CYPRUS,https://drive.google.com/uc?id=1GqN4BfIbzMD_K866dHak8yG6wIF4AjZe,https://www.ebay.com/b/Crocs-Cyprus-In-Womens-Heels/55793/bn_7022439990,1,B4
MALINDI,https://drive.google.com/uc?id=1V3PBiO-Ke75HUkFuff4LZezcmVmsk8ZM,https://www.ebay.com/b/Womens-Crocs-Malindi/45333/bn_108144335,2,B4
ADARA,https://drive.google.com/uc?id=1QcFfx5W86Kwot3DaaG9PBeMH3wx5SQlq,https://www.ebay.com/sch/i.html?_nkw=crocs+adara+sandals,3,B5
WOMEN''S SANTA CRUZ,https://drive.google.com/uc?id=1Hk4nBxnOLABaH45h5i0h6qWQrcT7X7TS,https://www.ebay.com/sch/i.html?_nkw=crocs+women%27s+santa+cruz+loafers,4,B2
MEN''S SANTA CRUZ,https://drive.google.com/uc?id=1dGMfnCGAsFz9Kq4Y5h4YpB8J5zZLImcw,https://www.ebay.com/sch/i.html?_nkw=crocs+men%27s+santa+cruz+loafers,5,B5
YUKON,https://drive.google.com/uc?id=1Q1YomuvxRn8ld9ztQk6GyV1cu2p9RsGj,https://www.ebay.com/sch/i.html?_nkw=crocs+yukon+clogs,6,B5
ATLANTIC,https://drive.google.com/uc?id=13b1lVC5fbnQUYjtEFHiur6CCE6LPJ8_v,https://www.ebay.com/itm/176653325790?_skw=crocs+atlantic+shoe&itmmeta=01JBZ8GGQTH60CTGVH1M27B789&hash=item29215bd5de:g:ciIAAOSwcXVnG9eM&itmprp=enc%3AAQAJAAAA0HoV3kP08IDx%2BKZ9MfhVJKkNSldQxRHbPWFjrbK8cLhqnZD9EtJ%2BZfo%2BCVpPq7NXsxrK1JwY0wHGzes9NS0AJv%2FuyH8YwQGPr32DbkLUWBFvJpcNIsoviOtDwMUqV%2BUEwBDPjDZMuh3pXHDb32pd1hBLwJh%2Bp3r2JmSSVYtKDKiRZpok5CgF2DixAaMmNaArMR1UPOiOC2K3IHhlVsDPVWItJRcnYz8fPUqzH6UD1h0gT2uT%2BbzmQZsFfny%2FcVrjId88bgfWr409%2FFmGeH2u4DE%3D%7Ctkp%3ABk9SR4qMwujfZA,7,B3
YUCATAN,https://drive.google.com/uc?id=1E_5lGvUnnihsLSo4o2uAW4y8LIzAxqUe,-,8,B3
OTTER,https://drive.google.com/uc?id=1xhThPj60May8KHKeExYq0x3Y9X9CRN9T,https://www.ebay.com/sch/i.html?_nkw=crocs+otter+shoes,9,B4
PELICAN,https://drive.google.com/uc?id=1zb5DM0tlllj8RjeINQlMja-5GuE9Y-bD,Unavailable,10,B5
CELESTE PERFORATED LEATHER,https://drive.google.com/uc?id=17nsMvZNsdgztJawsDnnJk8-M9FgHsW8n,Unavailable,11,B1
VENTURE SUEDE,https://drive.google.com/uc?id=1hT8k7Cpx0q2_y9yLAHtSRtKeW4eBy_1e,https://www.ebay.com/itm/286088907557?_skw=crocs+venture+suede&itmmeta=01JBZ8RQPCHNHWH31X59Q9VG4S&hash=item429c3a4b25:g:8AoAAOSwZUNm~XuL&itmprp=enc%3AAQAJAAAA8HoV3kP08IDx%2BKZ9MfhVJKleSpdesq9DKE6HmR5Ks%2BDZRnV8EQFVBIdLJjCkZxghnl8sVvSfVo2DWVve1kGHAiadO1jlronAJT6UdGt2vtQMO0l2dARNpqCNPAwc036hZ7JlKV67EijW1Fylty3qLvECBOFsi19CGyYRdr65xtJuBFC7pQC8kN3L8wQGPxl3Z4OluEMKIvwWJqBjAmN%2BHmssX721XIxqhV3%2FpRN6NqFIKrf%2F8y9rivruMc%2FU%2FM6Ax54HoANF3gAr%2Ba8QtX6GLDARKHigEthYTvRPCqP4sQKKbxeR8WSDGFKuXDkIawGVfg%3D%3D%7Ctkp%3ABk9SR6L74ujfZA,12,B5
CELESTE SUEDE,https://drive.google.com/uc?id=1gCG1SJPZD9UtAwlAzyIN5Fr1j_Kh9J-M,https://www.ebay.com/itm/315694624802?_skw=crocs+sueded+alice&itmmeta=01JBZ8VRQ4K08AFPBY8NTZRRFH&hash=item4980ddb022:g:AfgAAOSwzZFmyRWh&itmprp=enc%3AAQAJAAAA0HoV3kP08IDx%2BKZ9MfhVJKn2MP9d4PpTqEHbIqOx0rbVD1aPJAPA7CeXVbtiHLQ%2FPkisXJ0kCR8E9kDIRlipXx5XAijHM5Ds9vOVL95oLxxJHCxuY%2B70M8iQjLKvFb8T6iB89doAC8x9WIX%2BKbLD8apgGysvdlzbQk4lCxxpEG0%2FoXvB7qAwCd%2Btd%2B%2BNfjodOetvZU%2F2OAj%2FzGxbWYsn1Xmyoz6qz731l1s0%2FqC1lW%2FRuRGhs3Oz8mE%2FFTkiHi1KFFGzNt3lq4IvcwiJcxzjcV0%3D%7Ctkp%3ABk9SR9aL7-jfZA,13,B5
CELESTE CANVAS,https://drive.google.com/uc?id=1yfCIOQqexzJEhqhM79Dqw6nkvQzL9YL4,https://www.ebay.com/sch/i.html?_nkw=crocs+celeste+canvas,14,B3
VENTURE LEATHER,https://drive.google.com/uc?id=1sRmyiBRuW_Y2ZeH5yLEli4N0tuElB5Gd,https://www.ebay.com/sch/i.html?_nkw=crocs+venture+leather,15,B3
VENTURE CANVAS,https://drive.google.com/uc?id=1Zx-F7BBtl4KLDqmPQjlS6O5jUvObp66K,https://www.ebay.com/sch/i.html?_nkw=crocs+venture+canvas,16,B4
SUEDED ALICE,https://drive.google.com/uc?id=1OnhqtmWipUqaSxUXBsMK-3VT7OH1ep8v,https://www.ebay.com/itm/235762635341?_skw=crocs+sueded+alice&itmmeta=01JBZ8X1YWW1S1FH619T8JEXXZ&hash=item36e48c524d:g:WkkAAOSw5rVm9u3d&itmprp=enc%3AAQAJAAAA8HoV3kP08IDx%2BKZ9MfhVJKmxO6Finh64W9lbqD%2FqVCGyGL43Dgmy1AAQ7ior2SR2MoVcAxkqbMzR%2FIHSse%2FB%2BVGtrfmznvgLgFTiVQMdrqI9tl3mzkDumYE3UsDrKgiQ3bq6Zl%2FhRqb2b%2FfGzWuMSvoe9Bkac%2FEX%2FOGG3wY%2FO%2Fbx5h98O8VkbgnrCUxxIEUVfalYo%2BD15qZqUO3Io61x8IKkTurs6rNq3WcXtDbsSOPtqmFdpX1uTg2K4zVlLQ0RZN0TuFMn1aiWCk1aSQw5eN%2BysN3y9VVsTNyrnMk1yUgwR7a5TQB41zgR65KmzV0H4g%3D%3D%7Ctkp%3ABk9SR8af9OjfZA,17,B5
ALICE,https://drive.google.com/uc?id=1Sjb2bvGuYNoWWbedQFHmXFher_rfoAjT,https://www.ebay.com/itm/156466856339?_skw=crocs+alice&itmmeta=01JBZ8Y8AC8HVPHPZ4QPSJDCC2&hash=item246e26c193:g:q1MAAOSwlpJnE6Pc&itmprp=enc%3AAQAJAAAAwHoV3kP08IDx%2BKZ9MfhVJKkk97EW3prPVQWRjOXRWLYk83rH7SYzxxXDkX6OAfyVEL%2FHsiqp20eXheZbEM1bPvQhkKCyFw5WSmPAUOp92COp5OC%2FveKAW9pGWSwQzSCl05A3HcHEBec%2BFDrEhdGMl8DiK9qQXwDAKrP0jEGPhyMUFICOADX36ll2ghw%2FUQlTyf0zLi2hERsP4Km0O5TAAwqlKMpAKA2SkZe3BZLXbzT35ttAAzFmVadGhtflMTm%2Fcg%3D%3D%7Ctkp%3ABk9SR6aF-ejfZA,18,B2
GIRLS'' ALICE,https://drive.google.com/uc?id=1n1CEFvrKGRS4H2jVMdIZ10u0Wa_z3j7S,https://www.ebay.com/itm/145873262273?_skw=crocs+girls+alice&itmmeta=01JBZ8Z99K1CAB8RXR0WCKBFQN&hash=item21f6b956c1:g:73oAAOSwZhBmiDjC&itmprp=enc%3AAQAJAAAA8HoV3kP08IDx%2BKZ9MfhVJKnd1ZbmbZeMS6od0cocXeYGqvyMUESJXAnqiodQ%2F%2BU2HBZGNuz%2FSVhSFT2HNennqmRRnqRft1c%2Fl%2BA5QOzU%2FWLw5bERw%2BIMPJcKNeGU75%2Brgi2y7keMdqfjREHqi38oJp%2FQGRox3zLJXZqkuTHQvcdvpvaROOKAqrvmrwtUIenOffGVcBHrIHxV8jS1hSpgFIYL1w0kMsDCw2e%2BW29lqwnf%2FLnYd1HDXDsb78o4a6HVBB8pmCZ6JgSXO47SVPLlrX6WGgYPLk2%2F1VAPPyaIx9otE07Dwm%2BpcEI4J%2FKbWhmsbw%3D%3D%7Ctkp%3ABk9SR_CU_ejfZA,19,B1
HI CRUISER,https://drive.google.com/uc?id=1qyxzRs0yBDTkOT5RmcMM-Af_BVuNDNSh,https://poshmark.com/listing/Hi-Cruiser-Crocs-casual-boot-5e93187312d88001e535dd88?srsltid=AfmBOop5EjupYhEh-_AhiyiPwChtzCCUTY96ckJ1vFf7FY0NVX9MF2pE,20,B3
WOMEN''S TROIKA,https://drive.google.com/uc?id=1GDr4ACpFBrEwI1ue1y-j-OaBrIJW8EF-,https://www.ebay.com/sch/i.html?_nkw=crocs+women%27s+troika,21,B1
Mammoth,https://drive.google.com/uc?id=1aGTVtSPIE3gm1RWB2GW1mhCZUnLt4oaE,https://www.ebay.com/sch/i.html?_nkw=Crocs+Mammoth+A24:B24,22,B4
Kids'' Mammoth,https://drive.google.com/uc?id=1vrOnaYJ3omMsfJsaoEwOcIXMuSDu49VI,https://www.ebay.com/itm/266659379787?_skw=Crocs+Kids+Mammoth&itmmeta=01JBZ9BJVH74642TSWHWYJYKB8&hash=item3e16233a4b:g:JHcAAOSwRzZlwoRZ&itmprp=enc%3AAQAJAAAA0HoV3kP08IDx%2BKZ9MfhVJKn5skWTpTEzI1mR4%2Byhc6gmTN%2FtNM2DqPNktaU7TDjeDEyNszRPlCG8X5Zh29eRYqfTA2%2BgjEy9dk3lqj3490DOy3KkBEVEvSPk9WulA8c6vI9BU1x0AqdtLQWDkziuY06KtXvlX%2FnvaWhjFRE7U3%2BySD69mFxpG2YbwLTYovjDGFMorc0SjWcn5wMUlisH5QQTd9jCQY1zV8Du7LAYwMJZXp5504fRYJU2d1fknNoWJzTpv37Job12mv2MSdRuxmU%3D%7Ctkp%3ABk9SR-ytrunfZA,23,B4
Axle,https://drive.google.com/uc?id=1yOJeQ5cYR_MTkBegnE3FDU08rfOif0YU,https://www.ebay.com/itm/204828520853?_skw=Crocs+Axle&itmmeta=01JBZ9E8HW33BCRS6E9ZTDQQXB&hash=item2fb0bb3195:g:H5oAAOSwA7lmaH8G&itmprp=enc%3AAQAJAAAAwHoV3kP08IDx%2BKZ9MfhVJKmxJ24QuzkFvy8YmakrbL0pkL1CCGDOFyxCo%2FCNpTuxJ9uhcsCFSyZwybFgxpZgXlPbmF0Ra50n%2BMnYJxK4N9Chhk5I03z56UPz%2FlvzDlA5U3YJwDqLBy0vQG3CIVQsXYLrvBF784uiZrNkYMMOaTBf57JaFrrWFhxK7nqMzKFTioH7y0nJK0zOCjDAg0XqzO5CW1X6u%2FbQRsRozifO4rcQCaMUBpWs3UlK31UwIdLUgw%3D%3D%7Ctkp%3ABk9SR_6IuenfZA,24,B4
Kids'' Axle,https://drive.google.com/uc?id=1qetiyEt3wRxg1okzSwUJV_ru4PHcbyLj,Unavailable,25,B3
Kids'' All Terrain,https://drive.google.com/uc?id=1VT-aMUCX0CrXgzfNEfFTHvBi2KwTST05,Unavailable,26,B1
Sassari,https://drive.google.com/uc?id=1dme4x1ktfgWf4aQVCwz1AvE97T3ChWFr,https://www.ebay.com/sch/i.html?_nkw=Crocs+Sassari,27,B3
Capri,https://drive.google.com/uc?id=1WMWr_yAxaUkJ_8kK7r-f1c4_RWV5VRkZ,https://www.ebay.com/sch/i.html?_nkw=Crocs+Capri,28,B2
Women''s Ithaca,https://drive.google.com/uc?id=1-DVTiiTP0vFoPj4DW3ha9E6xzF9gJtsl,https://www.ebay.com/sch/i.html?_nkw=Crocs+Womens+Ithaca,29,B4
Cleo,https://drive.google.com/uc?id=129eeoNGMmQsuNDVVv2sGFoF8grd3mSgC,https://www.ebay.com/sch/i.html?_nkw=Crocs+Cleo,30,B4
