ProductID,ImageURL,ProductName,Category,WearOccasion,Silhouette,LaunchDate,PrimaryMaterial,SecondaryMaterial,StyleCode,Color,Size,Gender
102001.0,https://drive.google.com/uc?id=1Kp_OtR2n-CoyPpXP6XVemZcTl4PoBnGg,CYPRUS,SANDALS,STYLE,SANDALS,2008,CROSLITE,Unavailable,Unavailable,Unavailable,Unavailable,Children
102002.0,https://drive.google.com/uc?id=1yEpEEcgW2TA5PCoMI6woQjKrxmTfY5gK,MALINDI,SANDALS,STYLE,FLAT,2008,CROSLITE,Unavailable,Unavailable,Unavailable,Unavailable,Men
102003.0,https://drive.google.com/uc?id=1WDCVs8ArRmaarPiuBGbxsRJXsQp1nPYL,ADARA,SANDALS,STYLE,FLOP,2008,CROSLITE,Unavailable,Unavailable,Unavailable,Unavailable,Unisex Adult
102004.0,https://drive.google.com/uc?id=1TLq9IDLuqbiPjAurzOwYFAcPuhW01qEr,WOMENS SANTA CRUZ,LIFESTYLE,STYLE,SLIP ON,2008,CROSLITE,CANVAS,Unavailable,Unavailable,Unavailable,Women
102005.0,https://drive.google.com/uc?id=1jrkCN_RYyl0rQvN04sv9TJeJIbEquze-,MENS SANTA CRUZ,LIFESTYLE,STYLE,SLIP ON,2008,CROSLITE,CANVAS,Unavailable,Unavailable,Unavailable,Women
102006.0,https://drive.google.com/uc?id=1veZcqlF_JN4OMXLeUrN7pUYaGfoovrz2,YUKON,CLOG,EVERYDAY,CLOG,2008,CROSLITE,LEATHER,Unavailable,Unavailable,Unavailable,Children
102007.0,https://drive.google.com/uc?id=1_OV347XMvuvqbCryBBgvubDDVQ3C-o1P,ATLANTIC,LIFESTYLE,STYLE,SHOE,2008,CROSLITE,WATERPROOF,Unavailable,Unavailable,Unavailable,Children
102008.0,https://drive.google.com/uc?id=1d2dyBvFTwTWUR6GEvN-goupJ9XdMYK8U,YUCATAN,SANDALS,STYLE,SANDALS,2008,CROSLITE,Unavailable,Unavailable,Unavailable,Unavailable,Children
102009.0,https://drive.google.com/uc?id=1_DRl7ncluoh3X09maZW7ZFf_Oz8jcDH7,OTTER,KIDS,STYLE,SANDALS,2008,CROSLITE,Unavailable,Unavailable,Unavailable,Unavailable,Children
102010.0,https://drive.google.com/uc?id=1V_UCV0t7zlOa2F11wnWiQUTzqi-Cm5tW,PELICAN,KIDS,STYLE,SLIP ON,2008,CROSLITE,Unavailable,Unavailable,Unavailable,Unavailable,Women
102011.0,https://drive.google.com/uc?id=1MhUtyU6fvhaGxysTskxv79BY7T7HhOHM,CELESTE PERFORATED LEATHER,SANDALS,STYLE,SLIP ON,2008,CROSLITE,LEATHER,Unavailable,Unavailable,Unavailable,Unisex Adult
102012.0,https://drive.google.com/uc?id=1MZE_QlgkgPBhFUV_Mf_auuDupouIRJWD,VENTURE SUEDE,LIFESTYLE,STYLE,SHOE,2008,CROSLITE,Unavailable,Unavailable,Unavailable,Unavailable,Unisex Adult
102013.0,https://drive.google.com/uc?id=1VyOHn9MjB6aX84TAybP67aqvbgixXNRq,CELESTE SUEDE,LIFESTYLE,STYLE,FLAT,2008,CROSLITE,SUEDE,Unavailable,Unavailable,Unavailable,Unisex Adult
102014.0,https://drive.google.com/uc?id=1309lU_BcP37YV3EZxeWJe4ykmpa3TNbq,CELESTE CANVAS,LIFESTYLE,STYLE,FLAT,2008,CROSLITE,CANVAS,Unavailable,Unavailable,Unavailable,Men
102015.0,https://drive.google.com/uc?id=1MzvzZWeDq3cw9GGLpbCVKm7S-qCHxgYh,VENTURE LEATHER,LIFESTYLE,STYLE,SHOE,2008,CROSLITE,LEATHER,Unavailable,Unavailable,Unavailable,Men
102016.0,https://drive.google.com/uc?id=1kC6YceOzOWD2mbXjLDarmCv6fFNwlLrp,VENTURE CANVAS,LIFESTYLE,STYLE,SHOE,2008,CROSLITE,CANVAS,Unavailable,Unavailable,Unavailable,Unisex Adult
102017.0,https://drive.google.com/uc?id=15qTDKHwqD7RQkx7WUbKdk8r-1tN5sBd3,SUEDED ALICE,LIFESTYLE,STYLE,MARY JANE,2008,CROSLITE,SUEDE,Unavailable,Unavailable,Unavailable,Women
102018.0,https://drive.google.com/uc?id=1RUp3vSL8rJx6KXmsgmsmZvHD11PE6F6I,ALICE,LIFESTYLE,STYLE,MARY JANE,2008,CROSLITE,Unavailable,Unavailable,Unavailable,Unavailable,Women
102019.0,https://drive.google.com/uc?id=1c3rMOtl_gtGfwsgL0taRKx3YkABPfo89,GIRLS ALICE,LIFESTYLE,STYLE,MARY JANE,2008,CROSLITE,Unavailable,Unavailable,Unavailable,Unavailable,Unisex Adult
102020.0,https://drive.google.com/uc?id=1wlBSKib6uOGuAglKbWL-l85vxMZrbZvH,HI CRUISER,LIFESTYLE,STYLE,SHOE,2008,CROSLITE,SUEDE,Unavailable,Unavailable,Unavailable,Children
102021.0,https://drive.google.com/uc?id=1gdRv8jqpczDQyaAKEpVLo8xtmKKbiUDS,WOMENS TROIKA,CLOG,EVERYDAY,CLOG,2008,CROSLITE,SUEDE,Unavailable,Unavailable,Unavailable,Unisex Adult
102022.0,https://drive.google.com/uc?id=17PYiDPgJ5Y6cQ7ZWrg7EYb1SFJzEAV8k,MAMMOTH,CLOG,EVERYDAY,LINED CLOG,2008,CROSLITE,SYNETHIC FUR,Unavailable,Unavailable,Unavailable,Women
102023.0,https://drive.google.com/uc?id=15ykGRmLNxT6zef3ZX2eQIFz2EJ7PaEZz,KIDS MAMMOTH,KIDS,EVERYDAY,LINED CLOG,2008,CROSLITE,SYNETHIC FUR,Unavailable,Unavailable,Unavailable,Children
102024.0,https://drive.google.com/uc?id=1oHC4ZBaEX1FZSW0uCFDZbRMSgPIJ80xp,AXLE,LIFESTYLE,STYLE,SHOE,2008,CROSLITE,LEATHER,Unavailable,Unavailable,Unavailable,Unisex Adult
102025.0,https://drive.google.com/uc?id=1mTq1lzUK6dIZ1afonNpVFyRMAewsByMO,KIDS AXLE,KIDS,STYLE,SHOE,2008,CROSLITE,LEATHER,Unavailable,Unavailable,Unavailable,Women
102001.0,https://drive.google.com/uc?id=1Kp_OtR2n-CoyPpXP6XVemZcTl4PoBnGg,CYPRUS,SANDALS,STYLE,SANDALS,2008,CROSLITE,Unavailable,Unavailable,Unavailable,Unavailable,Unisex Adult
102002.0,https://drive.google.com/uc?id=1yEpEEcgW2TA5PCoMI6woQjKrxmTfY5gK,MALINDI,SANDALS,STYLE,FLAT,2008,CROSLITE,Unavailable,Unavailable,Unavailable,Unavailable,Women
102003.0,https://drive.google.com/uc?id=1WDCVs8ArRmaarPiuBGbxsRJXsQp1nPYL,ADARA,SANDALS,STYLE,FLOP,2008,CROSLITE,Unavailable,Unavailable,Unavailable,Unavailable,Women
102004.0,https://drive.google.com/uc?id=1TLq9IDLuqbiPjAurzOwYFAcPuhW01qEr,WOMENS SANTA CRUZ,LIFESTYLE,STYLE,SLIP ON,2008,CROSLITE,CANVAS,Unavailable,Unavailable,Unavailable,Unisex Adult
102005.0,https://drive.google.com/uc?id=1jrkCN_RYyl0rQvN04sv9TJeJIbEquze-,MENS SANTA CRUZ,LIFESTYLE,STYLE,SLIP ON,2008,CROSLITE,CANVAS,Unavailable,Unavailable,Unavailable,Unisex Adult
