SaleID,ProductID,Store_PK,SaleDate,Quantity,Revenue,CustomerType,State
S001,23,8,2024-08-19,3,130.8,New,Arizona
S002,24,8,2024-10-28,4,58.24,VIP,New York
S003,17,7,2023-06-12,2,271.09,Regular,New York
S004,3,4,2023-12-19,5,161.93,New,Alabama
S005,14,1,2023-10-17,6,845.2,VIP,Alabama
S006,27,7,2024-09-14,7,171.89,New,Texas
S007,30,1,2024-03-10,1,944.06,New,California
S008,13,4,2024-05-09,6,538.37,New,Texas
S009,12,8,2023-01-22,8,914.42,VIP,Arizona
S010,23,1,2024-10-28,3,1381.84,Regular,New York
S011,1,5,2023-09-20,4,879.31,VIP,California
S012,25,7,2023-08-05,3,214.0,New,California
S013,24,1,2024-09-06,7,170.95,Regular,Arizona
S014,22,4,2024-01-02,1,297.58,New,New York
S015,16,5,2023-11-10,1,145.04,Regular,Texas
S016,29,9,2024-03-21,6,972.19,New,Alabama
S017,13,7,2023-05-05,3,774.47,New,Arizona
S018,29,5,2023-04-08,9,80.84,Regular,Arizona
S019,19,10,2024-04-17,6,640.66,New,Alabama
S020,22,5,2023-12-06,6,390.29,VIP,Arizona
S021,24,10,2023-11-04,9,768.81,VIP,Arizona
S022,21,7,2024-05-28,1,340.07,VIP,Arizona
S023,7,2,2024-09-18,4,253.99,New,New York
S024,28,1,2024-06-02,10,571.51,VIP,California
S025,6,2,2023-08-28,7,1139.77,Regular,New York
S026,11,6,2024-03-27,8,234.83,VIP,Arizona
S027,15,2,2023-04-12,4,395.17,Regular,New York
S028,3,10,2023-08-19,1,135.7,Regular,Alabama
S029,4,6,2023-06-25,1,739.44,VIP,California
S030,13,6,2024-08-19,1,1309.41,VIP,Arizona
